id,content
1,航站楼智能充电站在哪
2,航站楼智能充电站在哪
3,过境免签外国人无法按时离境怎么办
4,乘坐国际航班发现遗失了护照如何乘机
5,入境需要向海关申报的物品有哪些
6,什么是免签
7,签证是什么意思
8,什么是落地签
9,过境免签是什么意思
10,谢谢
11,机场头等舱休息室位置
12,醉酒旅客可以乘坐飞机吗
13,外籍孩子可以用中国的出生医学证明坐飞机吗
14,动物检验检疫证明的姓名与乘机人不一致能否乘机
15,一个成人可以带几个小孩乘坐飞机
16,用医保卡可以乘坐飞机吗
17,用医保卡可以乘坐飞机吗
18,有效的乘机证件有哪些
19,港澳通行证可以乘坐国内航班吗
20,无陪伴老人乘机怎么申请
21,无陪伴儿童乘机怎么申请
22,聋哑旅客可以乘坐飞机吗
23,失信人能否乘机
24,失信人能否乘机
25,单程证能否乘机
26,快线可不可以带{小动物_}
27,十六周岁以下乘机人乘机证件
28,停车场收费标准
29,厦门空港佰翔花园酒店中餐厅的简介？
30,福州有几家酒店
31,佰翔五通酒店自助餐多少钱
32,厦门空港佰翔花园酒店自助餐厅的简介？
33,海瀛湾工龄订房
34,厦门有哪些酒店
35,厦门佰翔五通酒店有没有接机服务
36,哪家酒店能泡温泉
37,福州空港佰翔花园酒店会议
38,福州空港佰翔花园酒店有几层
39,南京佰翔花园酒店是几星级酒店？
40,厦门空港佰翔花园酒店的地址？
41,上海佰翔花园酒店共拥有多少间客房（套）？
42,上海佰翔花园酒店是几星级酒店？
43,厦门空港佰翔花园酒店的总机号码？
44,厦门空港佰翔花园酒店的简介？
45,厦门空港佰翔花园酒店共拥有多少间客房（套）？
46,厦门空港佰翔花园酒店的官方网址？
47,上海佰翔花园酒店附近有什么景点？
48,上海佰翔花园酒店的简介？
49,上海佰翔花园酒店中餐厅、西餐厅的简介？
50,上海佰翔花园酒店的总机号码？
51,上海佰翔花园酒店的地址？
52,上海佰翔花园酒店的官方网址？
53,厦门空港佰翔花园酒店共有多少层？
54,南京佰翔花园酒店共拥有多少间客房（套）？
55,厦门空港佰翔花园酒店是几星级酒店，是否挂牌？
56,拉萨空港佰翔花园酒店的简介？
57,拉萨空佰翔港花园酒店停车场车位数有多少？是否收费？
58,龙岩冠豸秘谷佰翔度假酒店康体健身简介？
59,拉萨空港佰翔花园酒店西餐厅简介？
60,拉萨空港佰翔花园酒店是否提供包车服务？
61,南京佰翔花园酒店的地址？
62,拉萨空港佰翔花园酒店共拥有多少间客房（套）？
63,拉萨空港佰翔花园酒店的总机号码？
64,南京佰翔花园酒店的简介？
65,拉萨空港佰翔花园酒店是几星级酒店，是否挂牌？
66,拉萨空港佰翔花园酒店的传真号？
67,龙岩冠豸秘谷佰翔度假酒店附近有什么景点？
68,龙岩冠豸秘谷佰翔度假酒店游泳池简介？
69,拉萨空港佰翔花园酒店附近有哪些景点？
70,拉萨空港佰翔花园酒店有几种房型？
71,拉萨空港佰翔花园酒店共有多少层？
72,拉萨空港佰翔花园酒店的地址？
73,拉萨空港佰翔花园酒店中餐厅的简介？
74,南京佰翔花园酒店的总机号码？
75,南京佰翔花园酒店的官方网址？
76,龙岩冠豸秘谷佰翔度假酒店自助餐厅的简介？
77,晋江佰翔世纪酒店的地址？
78,晋江佰翔世纪酒店宴会厅及会议室的简介？
79,晋江佰翔世纪酒店中餐厅的简介？
80,厦门佰翔软件园酒店游泳池简介？
81,晋江佰翔世纪酒店是几星级酒店，是否挂牌？
82,龙岩冠豸秘谷佰翔度假酒店共拥有多少间客房（套）？
83,晋江佰翔世纪酒店自助餐厅的简介？
84,晋江佰翔世纪酒店的官方网址？
85,龙岩冠豸秘谷佰翔度假酒店共有多少层？
86,晋江佰翔世纪酒店康体健身简介？
87,晋江佰翔世纪酒店游泳池简介？
88,晋江佰翔世纪酒店的简介？
89,晋江佰翔世纪酒店的总机号码？
90,晋江佰翔世纪酒店的传真号？
91,龙岩冠豸秘谷佰翔度假酒店的简介？
92,晋江佰翔世纪酒店共拥有多少间客房（套）？
93,龙岩冠豸秘谷佰翔度假酒店中餐厅的简介？
94,晋江佰翔世纪酒店共有多少层？
95,晋江佰翔世纪酒店大堂吧简介？
96,龙岩冠豸秘谷佰翔度假酒店的总机号码？
97,龙岩冠豸秘谷佰翔度假酒店的地址？
98,厦门佰翔软件园酒店共有多少层？
99,厦门佰翔软件园酒店的地址？
100,厦门佰翔软件园酒店宴会厅及会议室的简介？
101,厦门佰翔软件园酒店是几星级酒店，是否挂牌？
102,厦门佰翔软件园酒店的简介？
103,厦门佰翔软件园酒店的官方网址？
104,厦门佰翔软件园酒店中餐厅的简介？
105,厦门佰翔软件园酒店共拥有多少间客房（套）？
106,厦门佰翔软件园酒店的传真号？
107,厦门佰翔软件园酒店自助餐厅的简介？
108,厦门佰翔软件园酒店大堂吧简介？
109,厦门佰翔软件园酒店康体健身简介？
110,厦门佰翔软件园酒店燕鲍翅馆简介？
111,厦门佰翔软件园酒店的总机号码？
112,漳州佰翔圆山酒店宴会厅及会议室的简介？
113,漳州佰翔圆山酒店共有多少层？
114,漳州佰翔圆山酒店自助餐厅的简介？
115,漳州佰翔圆山酒店游泳池简介？
116,漳州佰翔圆山酒店有几个温泉？
117,漳州佰翔圆山酒店康体健身简介？
118,漳州佰翔圆山酒店附近有什么景点？
119,漳州佰翔圆山酒店共拥有多少间客房（套）？
120,漳州佰翔圆山酒店大堂吧简介？
121,漳州佰翔圆山酒店是几星级酒店？
122,漳州佰翔圆山酒店的官方网址？
123,漳州佰翔圆山酒店的总机号码？
124,漳州佰翔圆山酒店中餐厅的简介？
125,漳州佰翔圆山酒店的传真号？
126,武夷山佰翔花园酒店距离机场的路程？
127,武夷山佰翔花园酒店的简介？
128,武夷山佰翔花园酒店游泳池简介？
129,武夷山佰翔花园酒店中餐厅的简介？
130,厦门佰翔琨烁酒店宴会厅及会议室的简介？
131,武夷山佰翔花园酒店健身房简介？
132,武夷山佰翔花园酒店是几星级酒店，是否挂牌？
133,武夷山佰翔花园酒店的地址？
134,武夷山佰翔花园酒店西餐厅的简介？
135,漳州佰翔圆山酒店的地址？
136,武夷山佰翔花园酒店共拥有多少间客房（套）？
137,武夷山佰翔花园酒店的官方网址？
138,武夷山佰翔花园酒店有茶艺馆吗？
139,武夷山佰翔花园酒店的总机号码？
140,厦门佰翔琨烁酒店西餐厅的简介？
141,漳州佰翔圆山酒店的简介？
142,武夷山佰翔花园酒店周边景点？
143,武夷山佰翔花园酒店共有多少层？
144,厦门佰翔琨烁酒店共拥有多少间客房（套）？
145,厦门佰翔汇馨威斯汀酒店游泳池简介？
146,厦门佰翔汇馨威斯汀酒店自助餐厅简介？
147,厦门佰翔琨烁酒店是几星级酒店，是否挂牌？
148,厦门佰翔汇馨威斯汀酒店附近有什么景点？
149,厦门佰翔琨烁酒店的简介？
150,厦门佰翔汇馨威斯汀酒店的地址？
151,厦门佰翔琨烁酒店的传真号？
152,厦门佰翔汇馨威斯汀酒店中餐厅的简介？
153,厦门佰翔汇馨威斯汀酒店共拥有多少间客房（套）？
154,厦门佰翔琨烁酒店的地址？
155,厦门佰翔琨烁酒店的官方网址？
156,厦门佰翔汇馨威斯汀酒店西餐厅的简介？
157,厦门佰翔琨烁酒店的预订部号码？
158,厦门佰翔汇馨威斯汀酒店大堂吧简介？
159,厦门佰翔汇馨威斯汀酒店是几星级酒店，是否挂牌？
160,厦门佰翔汇馨威斯汀酒店的简介？
161,厦门佰翔汇馨威斯汀酒店的传真号？
162,厦门佰翔汇馨威斯汀酒店的总机号码？
163,厦门佰翔汇馨威斯汀酒店共有多少层？
164,厦门佰翔汇馨威斯汀酒店康体健身简介？
165,福州佰翔家海滨酒店的官方网址？
166,福州佰翔海瀛湾佰翔度假酒店西餐厅的简介？
167,福州佰翔海瀛湾佰翔度假酒店是几星级酒店？
168,福州佰翔海瀛湾佰翔度假酒店中餐厅的简介？
169,福州佰翔家海滨酒店自助餐厅的简介？
170,福州佰翔海瀛湾佰翔度假酒店共拥有多少间客房（套）？
171,福州佰翔家海滨酒店地理位置？
172,福州佰翔家海滨酒店共有多少层？
173,福州佰翔家海滨酒店的预订部号码？
174,福州佰翔海瀛湾佰翔度假酒店游泳池简介？
175,福州佰翔海瀛湾佰翔度假酒店的官方网址？
176,福州佰翔家海滨酒店是几星级酒店，是否挂牌？
177,福州佰翔家海滨酒店中餐厅的简介？
178,福州佰翔家海滨酒店的总机号码？
179,福州佰翔海瀛湾佰翔度假酒店宴会厅及会议室的简介？
180,福州佰翔家海滨酒店的传真号？
181,福州佰翔海瀛湾佰翔度假酒店康体健身简介？
182,福州佰翔海瀛湾佰翔度假酒店大堂吧简介？
183,福州佰翔家海滨酒店共拥有多少间客房（套）？
184,福州佰翔家海滨酒店的简介？
185,福州佰翔家海滨酒店宴会厅及会议室的简介？
186,福州佰翔家海滨酒店的地址？
187,厦门佰翔五通酒店附近有什么景点？
188,厦门佰翔五通酒店游泳池简介？
189,福州佰翔海瀛湾佰翔度假酒店的总机号码？
190,福州空港佰翔花园酒店宴会厅及会议室的简介？
191,福州空港佰翔花园酒店的传真号？
192,福州佰翔海瀛湾佰翔度假酒店的传真号？
193,福州空港佰翔花园酒店的官方网址？
194,福州空港佰翔花园酒店附近有什么景点？
195,福州空港佰翔花园酒店共拥有多少间客房（套）？
196,海瀛湾佰翔度假酒店的简介？
197,福州空港佰翔花园酒店的地址？
198,福州空港佰翔花园酒店是几星级酒店，是否挂牌？
199,厦门佰翔五通酒店大堂吧简介？
200,福州空港佰翔花园酒店康体健身简介？
201,福州空港佰翔花园酒店中餐厅的简介？
202,福州空港佰翔花园酒店的简介？
203,福州空港佰翔花园酒店自助西餐厅的简介？
204,福州佰翔海瀛湾佰翔度假酒店的地址？
205,厦门佰翔五通酒店康体健身简介？
206,福州空港佰翔花园的总机号码？
207,福州空港佰翔花园酒店共有多少层？
208,厦门佰翔五通酒店宴会厅及会议室的简介？
209,厦门佰翔五通酒店的官方网址？
210,厦门佰翔五通酒店日料餐厅简介？
211,厦门佰翔五通酒店共拥有多少间客房（套）？
212,厦门佰翔五通酒店的简介？
213,厦门佰翔五通酒店的地址？
214,厦门空港佰翔花园酒店宴会厅及会议室的简介？
215,厦门空港佰翔花园酒店附近有什么景点？
216,进港防疫规定
217,厦门佰翔五通酒店共有多少层？
218,厦门佰翔五通酒店的传真号？
219,厦门佰翔五通酒店是几星级酒店
220,厦门空港佰翔花园酒店游泳池简介？
221,厦门空港佰翔花园酒店西餐厅简介？
222,厦门佰翔五通酒店中餐厅的简介？
223,厦门佰翔五通酒店的预订部号码？
224,厦门佰翔五通酒店的总机号码？
225,厦门佰翔五通酒店自助餐厅的简介？
226,厦门空港佰翔花园酒店康体健身简介？
227,出港防疫规定
228,要怎么联系你们集团
229,如何预订工龄房
230,专车能否指定司机
231,专车发票邮寄费用
232,接机夜间服务费计算时间
233,接机夜间服务费计算时间
234,机场出发如何订车票
235,快线优惠券无法使用
236,快线优惠券
237,哪个站点可以寄存行李
238,送机夜间服务费计算时间
239,送机夜间服务费计算时间
240,快线师傅能否等待旅客
241,快线发票能包邮吗
242,翔业集团宗旨
243,厦门机场的网址？
244,异地专车服务范围
245,终端机位置
246,终端机位置
247,元翔专车怎么注册
248,代客叫车怎么付款
249,优惠券如何使用
250,机场能上门接送吗
251,机场能上门接送吗
252,如何登陆元翔专车APP
253,专车APP在哪里下载
254,一个账户可以下几个订单
255,专车高速费由谁承担
256,专车高速费由谁承担
257,专车发票怎么申请
258,取消订单费用
259,头等舱通道服务是什么
260,微信叫车和APP叫车价格有区别吗
261,退款进度
262,指定车型
263,能否更改上车位置
264,可以提前多久约车
265,首次叫车优惠
266,专车车型
267,专车车型
268,专车可以跨市预约吗
269,去福州市区需在哪里等车
270,长期用车对接
271,怎么充值专车账户
272,专车订单支付方式
273,定位失败怎么处理
274,账户里有余额迁移
275,建行0元优惠券要怎么获取？
276,手机号不支持下单
277,莆田（笏石）假日酒店乘车点位置
278,福安乘车点位置
279,福清新厝乘车点位置
280,霞浦乘车点位置
281,福清渔溪乘车点位置
282,快线拼车服务
283,莆田涵江乘车点位置
284,机场出发长途乘车点位置
285,莆田（黄石）清山物流乘车点位置
286,宁德新能源乘车点位置
287,周宁乘车点位置
288,福清江阴乘车点位置
289,仙游乘车点位置
290,周宁到机场的车票如何购买
291,宁德乘车点位置
292,莆田乘车点位置
293,平市延平汽车站乘车点位置
294,尚干汇雄商务宾馆乘车点位置
295,福清高山乘车点位置
296,福清三山乘车点位置
297,永泰豪景酒店乘车点位置
298,平潭海岛酒店乘车点位置
299,福清瑞鑫乘车点位置
300,罗源乘车点位置
